,folder,date,sequence,untitled,sensitivity,trigNum,TSTrig,gratPos,t_exp,frames,ln/mm,gratTilt,I,B,Flow,pump%,Seed,p_n,Vc,T_axial,Te,Ne,type,Dark_folder,Dark_sequence,Dark_untitled,Calib_ID,Calo0,Notes,TaChPres,TaChPres_er,Calori,Calori_er,CB_to_OES_initial_delay,incremental_step,first_pulse_at_this_frame,bad_pulses_indexes,number_of_pulses,current_trace_file
0,2019-05-01,,3,14,,,,750,0.01,105,150,,180,1.2,6,82,0,,600,,,,Dark,,,,,,,,,,,,,,,,
1,2019-05-01,,3,15,,,,750,0.01,105,150,,180,1.2,6,82,0,,600,,,,,2019-05-01,3,14,,,test for accummulation,,,,,3,0,-4,"5, 10, 6",10,
2,2019-05-01,,3,16,,,,750,0.01,105,150,,180,1.2,6,82,0,,600,,,,,2019-05-01,3,17,,,test for accummulation,,,,,3,0,2,"7, 8, 10",10,
3,2019-05-01,,3,17,,,,750,0.01,105,150,,,,,,,,,,,,Dark,,,,,,,,,,,,,,,,
4,2019-05-01,,3,33,,,,750,0.01,105,150,,,,,,,,,,,,Dark,,,,,,,,,,,,,,,,
5,2019-05-01,,3,34,,,,750,0.01,105,150,,180,1.2,6,82,0,,600,,,,,2019-05-01,3,33,129,,test for assembly method,,,,,4,0.05,7,"9, 10, 14, 16, 21, 22, 37, 38, 42, 43, 49, 50, 65, 66, 70, 72, 77, 78, 80",80,2019-05-01 18h 00m 55s TT_06686089175148122573
6,2019-05-01,,3,35,,,,750,0.01,105,150,,180,1.2,6,82,0,,600,,,,,2019-05-01,3,33,130,,test for assembly method,,,,,0,0.05,3,"14, 15, 19, 20, 26, 27, 42, 43, 47, 48, 50, 51, 54, 55, 75, 77, 79, 80",80,2019-05-01 18h 03m 09s TT_06686089750462642954
7,2019-05-01,,3,36,,,,750,0.01,105,150,,180,1.2,6,82,0,,600,,,,,2019-05-01,3,33,129,,test for assembly method,,,,,-3,0.05,3,"4, 5, 20, 21, 25, 26, 32, 33, 48, 49, 53, 55, 60, 61, 76, 77, 80",80,2019-05-01 18h 04m 37s TT_06686090127090708132
8,2019-05-01,,3,37,,,,750,0.01,105,150,,180,1.2,6,82,0,,600,,,,,2019-05-01,3,33,130,,test for assembly method,,,,,10,0.05,6,"2, 4, 9, 10, 25, 26, 30, 32, 37, 39, 53, 54, 58, 60, 65, 66, 80",80,2019-05-01 18h 06m 59s TT_06686090734531784122
9,2019-05-01,,3,38,,,,750,0.01,105,150,,180,1.2,6,82,0,,600,,,,,2019-05-01,3,33,129,,test for assembly method,,,,,14,0.05,10,"2, 3, 7, 8, 14, 16, 30, 31, 35, 36, 42, 43, 58, 59, 63, 64, 70, 71, 79, 80",80,2019-05-01 18h 09m 45s TT_06686091450034923146
10,2019-05-01,,3,39,,,,750,0.01,105,150,,180,1.2,6,82,0,,600,,,,,2019-05-01,3,44,130,,test for assembly method,,,,,8,0.05,12,"8, 9, 13, 15, 20, 21, 36, 37, 41, 43, 48, 50, 64, 65, 69, 71, 76, 77, 79, 80",80,2019-05-01 18h 11m 29s TT_06686091895425863999
11,2019-05-01,,3,40,,,,750,0.01,105,150,,180,1.2,6,82,0,,600,,,,,2019-05-01,3,44,,,test for best skip,,,,,3,0.01,3,"14, 15, 19, 20, 26, 27, 42, 43, 47, 48, 54, 55, 70, 71, 75, 76, 80",80,2019-05-01 18h 13m 29s TT_06686092412457304430
12,2019-05-01,,3,41,,,,750,0.01,105,150,,180,1.2,6,82,0,,600,,,,,2019-05-01,3,44,,,test for best skip,,,,,3.8,0.01,7,"3, 4, 19, 20, 24, 25, 31, 33, 47, 48, 52, 54, 59, 61, 80",80,2019-05-01 18h 14m 54s TT_06686092778734442667
13,2019-05-01,,3,42,,,,750,0.01,105,150,,180,1.2,6,82,0,,600,,,,,2019-05-01,3,44,,,test for best skip,,,,,4.6,0.01,1,"1, 2, 8, 9, 24, 25, 29, 31, 36, 37, 52, 53, 57, 59, 64, 65, 80",80,2019-05-01 18h 16m 10s TT_06686093102877672489
14,2019-05-01,,3,43,,,,750,0.01,105,150,,180,1.2,6,82,0,,600,,,,,2019-05-01,3,44,,,test for best skip,,,,,5.4,0.01,4,"6, 7, 13, 15, 29, 30, 34, 35, 41, 42, 57, 58, 62, 64, 69, 71, 80",80,2019-05-01 18h 17m 21s TT_06686093409282579396
15,2019-05-01,,3,44,,,,750,0.01,105,150,,,,,,,,,,,,Dark,,,,,,,,,,,,,,,,
16,2019-05-02,,1,1,,,,750,0.01,105,150,,,,,,,,,,,,,2019-05-01,3,44,,,,,,,,,,,,,
17,2019-05-02,,1,2,,,,750,0.01,105,150,,,,,,,,,,,,,2019-05-01,3,44,,,,,,,,,,,,,
18,2019-05-02,,1,3,,,,750,0.01,105,150,,,,,,,,,,,,,2019-05-01,3,44,,,,,,,,,,,,,
19,2019-05-02,,1,4,,,,750,0.01,105,150,,,,,,,,,,,,,2019-05-01,3,44,,,,,,,,,,,,,
20,2019-05-02,,1,5,,,,750,0.01,105,150,,,,,,,,,,,,,2019-05-01,3,44,,,,,,,,,,,,,
21,2019-05-02,,1,6,,,,750,0.01,105,150,,,,,,,,,,,,,2019-05-01,3,44,,,,,,,,,,,,,
22,2019-05-02,,1,7,,,,750,0.01,105,150,,,,,,,,,,,,,2019-05-01,3,44,,,,,,,,,,,,,
23,2019-05-02,,1,8,,,,750,0.01,105,150,,,,,,,,,,,,,2019-05-01,3,44,,,,,,,,,,,,,
24,2019-05-02,,1,9,,,,750,0.01,105,150,,,,,,,,,,,,,2019-05-01,3,44,,,,,,,,,,,,,
25,2019-05-02,,1,10,,,,750,0.01,105,150,,,,,,,,,,,,,2019-05-01,3,44,,,,,,,,,,,,,
26,2019-05-02,,1,11,,,,750,0.01,105,150,,,,,,,,,,,,,2019-05-01,3,44,,,,,,,,,,,,,
27,2019-05-02,,1,12,,,,750,0.01,105,150,,,,,,,,,,,,,2019-05-01,3,44,,,,,,,,,,,,,
28,2019-05-03,,2,1,,,,750,0.01,105,150,,,,,,,,,,,,Dark,,,,,,,,,,,,,,,,
29,2019-05-03,,2,4,,,,750,0.01,105,150,,140,1,6,25,19.8,10.2,600,-105,,,,2019-05-03,2,1,129,,,,,,,-3,0.05,0,"28, 29, 33, 34, 40, 41, 56, 57, 61, 63, 68, 69, 80",80,
30,2019-05-03,,2,5,,,,750,0.01,105,150,,140,1,6,25,19.8,10.2,600,-105,,,,2019-05-03,2,1,130,,,,,,,1,0.05,5,"5, 6, 10, 11, 33, 34, 38, 40, 45, 46, 66, 67, 73, 74, 80",80,
31,2019-05-03,,2,6,,,,750,0.01,105,150,,140,1,6,25,19.8,10.2,600,-105,,,,2019-05-03,2,1,129,,,,,,,5,0.05,0,"1, 10, 11, 15, 16, 22, 23, 28, 29, 43, 45, 50, 51, 66, 67, 71, 72, 78, 79, 80",80,
32,2019-05-03,,2,7,,,,750,0.01,105,150,,140,1,6,25,19.8,10.2,600,-105,,,,2019-05-03,2,1,130,,,,,,,9,0.05,8,"15, 16, 20, 21, 27, 28, 43, 44, 48, 50, 55, 56, 80",80,
33,2019-05-03,,2,8,,,,750,0.01,105,150,,140,1,6,25,19.8,10.2,600,-105,,,,2019-05-03,2,1,129,,,,,,,13,0.05,1,80,80,
34,2019-05-03,,3,1,,,,750,0.01,105,150,,,,,,,,,,,,Dark,,,,,,,,,,,,,,,,
35,2019-05-03,,3,3,,,,750,0.01,105,150,,140,1,6,25,15,8.6,600,-105,,,,2019-05-03,3,1,129,,,,,,,-3,0.05,8,"25, 26, 30, 32, 37, 38, 53, 54, 58, 60, 65, 66, 80",80,
36,2019-05-03,,3,4,,,,750,0.01,105,150,,140,1,6,25,15,8.6,600,-105,,,,2019-05-03,3,1,130,,,,,,,1,0.05,-16,"30, 31, 35, 37, 42, 43, 58, 59, 63, 65, 70, 71, 80",80,
37,2019-05-03,,3,5,,,,750,0.01,105,150,,140,1,6,25,15,8.6,600,-105,,,,2019-05-03,3,1,129,,,,,,,5,0.05,7,"7, 8, 12, 13, 19, 20, 40, 41, 47, 48, 63, 64, 68, 69, 75, 76, 80",80,
38,2019-05-03,,3,6,,,,750,0.01,105,150,,140,1,6,25,15,8.6,600,-105,,,,2019-05-03,3,1,130,,,,,,,9,0.05,9,"12, 13, 17, 19, 24, 25, 45, 46, 52, 53, 68, 69, 80",80,
39,2019-05-03,,3,7,,,,750,0.01,105,150,,140,1,6,25,15,8.6,600,-105,,,,2019-05-03,3,1,129,,,,,,,13,0.05,1,80,80,
40,2019-05-03,,4,1,,,,750,0.01,105,150,,,,,,,,,,,,Dark,,,,,,,,,,,,,,,,
41,2019-05-03,,4,3,,,,750,0.01,105,150,,140,1,6,25,10,5.9,600,-105,,,,2019-05-03,4,1,129,,,,,,,-3,0.05,7,"22, 23, 27, 29, 34, 35, 50, 56, 55, 56, 62, 63, 78, 80",80,
42,2019-05-03,,4,4,,,,750,0.01,105,150,,140,1,6,25,10,5.9,600,-105,,,,2019-05-03,4,1,130,,,,,,,1,0.05,9,"5, 6, 12, 13, 28, 29, 33, 34, 40, 42, 56, 57, 61, 62, 68, 70, 80",80,
43,2019-05-03,,4,5,,,,750,0.01,105,150,,140,1,6,25,10,5.9,600,-105,,,,2019-05-03,4,1,129,,,,,,,5,0.05,5,"5, 6, 10, 11, 17, 18, 33, 34, 38, 40, 45, 46, 61, 62, 66, 68, 73, 74, 80",80,
44,2019-05-03,,4,6,,,,750,0.01,105,150,,140,1,6,25,10,5.9,600,-105,,,,2019-05-03,4,1,130,,,,,,,9,0.05,8,"10, 11, 15, 16, 22, 23, 38, 39, 43, 45, 50, 51",80,
45,2019-05-03,,4,7,,,,750,0.01,105,150,,140,1,6,25,10,5.9,600,-105,,,,2019-05-03,4,1,129,,,,,,,13,0.05,1,"8, 9, 13, 15, 20, 21",80,
46,2019-05-03,,5,1,,,,750,0.01,105,150,,,,,,,,,,,,Dark,,,,,,,,,,,,,,,,
47,2019-05-03,,5,3,,,,750,0.01,105,150,,140,1,6,25,5,3.2,600,-105,,,,2019-05-03,5,1,129,,,,,,,-3,0.05,7,"48, 49, 53, 54, 60, 61, 76, 77, 80",80,
48,2019-05-03,,5,5,,,,750,0.01,105,150,,140,1,6,25,5,3.2,600,-105,,,,2019-05-03,5,1,130,,,,,,,1,0.05,14,"2, 3, 7, 8, 14, 15, 35, 36, 42, 43, 58, 59, 70, 71, 79, 80",80,
49,2019-05-03,,5,6,,,,750,0.01,105,150,,140,1,6,25,5,3.2,600,-105,,,,2019-05-03,5,1,129,,,,,,,5,0.05,7,"8, 9, 13, 15, 20, 22, 36, 37, 41, 43, 48, 49, 64, 65, 69, 71, 76, 77, 80",80,
50,2019-05-03,,5,7,,,,750,0.01,105,150,,140,1,6,25,5,3.2,600,-105,,,,2019-05-03,5,1,130,,,,,,,9,0.05,1,"9, 10, 14, 15, 21, 22, 37, 38, 42, 43, 49, 50, 65, 66",80,
51,2019-05-03,,5,8,,,,750,0.01,105,150,,140,1,6,25,5,3.2,600,-105,,,,2019-05-03,5,1,129,,,,,,,13,0.05,1,80,80,
52,2019-05-03,,6,1,,,,750,0.01,105,150,,,,,,,,,,,,Dark,,,,,,,,,,,,,,,,
53,2019-05-03,,6,4,,,,750,0.01,105,150,,140,1,6,25,0,0.25,600,-105,,,,2019-05-03,6,1,129,,,,,,,-3,0.05,0,"1, 56, 56, 63, 64, 80",80,
54,2019-05-03,,6,5,,,,750,0.01,105,150,,140,1,6,25,0,0.25,600,-105,,,,2019-05-03,6,1,130,,,,,,,1,0.05,4,"5, 6, 12, 13, 28, 29, 33, 34, 40, 41, 56, 57, 61, 62, 68, 69, 80",80,
55,2019-05-03,,6,6,,,,750,0.01,105,150,,140,1,6,25,0,0.25,600,-105,,,,2019-05-03,6,1,129,,,,,,,5,0.05,7,"5, 6, 10, 12, 17, 18, 33, 34, 38, 39, 45, 46, 66, 67, 73, 74, 80",80,
56,2019-05-03,,6,7,,,,750,0.01,105,150,,140,1,6,25,0,0.25,600,-105,,,,2019-05-03,6,1,130,,,,,,,9,0.05,13,"10, 11, 15, 17, 22, 23, 38, 39, 43, 44, 50, 51, 66, 67",80,
57,2019-05-03,,6,8,,,,750,0.01,105,150,,140,1,6,25,0,0.25,600,-105,,,,2019-05-03,6,1,129,,,,,,,13,0.05,1,,80,
58,2019-05-03,,7,1,,,,750,0.01,105,150,,,,,,,,,,,,Dark,,,,,,,,,,,,,,,,
59,2019-05-03,,7,3,,,,750,0.01,105,150,,140,1,6,25,19.8,11,600,-90,,,,2019-05-03,7,1,129,,,,,,,-3,0.05,3,"4, 5, 20, 21, 25, 26, 32, 34, 48, 49, 53, 54, 60, 61, 76, 77, 80",80,
60,2019-05-03,,7,4,,,,750,0.01,105,150,,140,1,6,25,19.8,11,600,-90,,,,2019-05-03,7,1,130,,,,,,,1,0.05,7,"2, 3, 9, 11, 25, 26, 30, 32, 37, 38, 53, 54, 58, 59, 65, 66, 80",80,
61,2019-05-03,,7,5,,,,750,0.01,105,150,,140,1,6,25,19.8,11,600,-90,,,,2019-05-03,7,1,129,,,,,,,5,0.05,6,"2, 3, 7, 9, 14, 15, 30, 31, 35, 36, 42, 43, 58, 59, 63, 64, 70, 72, 80",80,
62,2019-05-03,,7,6,,,,750,0.01,105,150,,140,1,6,25,19.8,11,600,-90,,,,2019-05-03,7,1,130,,,,,,,9,0.05,6,"7, 8, 12, 13, 19, 20, 35, 36, 40, 41, 47, 48, 63, 65, 68, 69",80,
63,2019-05-03,,7,7,,,,750,0.01,105,150,,140,1,6,25,19.8,11,600,-90,,,,2019-05-03,7,1,129,,,,,,,13,0.05,1,,80,
64,2019-05-03,,8,1,,,,750,0.01,105,150,,,,,,,,,,,,Dark,,,,,,,,,,,,,,,,
65,2019-05-03,,8,3,,,,750,0.01,105,150,,140,1,6,25,19.8,11,600,-95,,,,2019-05-03,8,1,129,,,,,,,-3,0.05,13,"16, 17, 21, 22, 28, 29, 44, 45, 49, 50, 56, 57, 72, 73, 77, 78, 80",80,
66,2019-05-03,,8,4,,,,750,0.01,105,150,,140,1,6,25,19.8,11,600,-95,,,,2019-05-03,8,1,130,,,,,,,1,0.05,9,"7, 8, 23, 24, 28, 29, 35, 37, 51, 52, 56, 57, 63, 64, 79, 80",80,
67,2019-05-03,,8,5,,,,750,0.01,105,150,,140,1,6,25,19.8,11,600,-95,,,,2019-05-03,8,1,129,,,,,,,5,0.05,9,"5, 6, 12, 13, 28, 29, 33, 34, 40, 41, 56, 57, 61, 62, 68, 69, 80",80,
68,2019-05-03,,8,6,,,,750,0.01,105,150,,140,1,6,25,19.8,11,600,-95,,,,2019-05-03,8,1,130,,,,,,,9,0.05,8,"5, 6, 10, 11, 17, 18, 33, 34, 38, 39, 45, 46, 61, 62, 66, 67",80,
69,2019-05-03,,8,7,,,,750,0.01,105,150,,140,1,6,25,19.8,11,600,-95,,,,2019-05-03,8,1,129,,,,,,,13,0.05,1,,80,
70,2019-05-03,,9,1,,,,750,0.01,105,150,,,,,,,,,,,,Dark,,,,,,,,,,,,,,,,
71,2019-05-03,,9,3,,,,750,0.01,105,150,,140,1,6,25,19.8,11,600,-125,,,,2019-05-03,9,1,129,,,,,,,-3,0.05,5,"15, 16, 20, 21, 27, 28, 43, 44, 48, 50, 55, 56, 71, 72, 76, 77, 80",80,
72,2019-05-03,,9,4,,,,750,0.01,105,150,,140,1,6,25,19.8,11,600,-125,,,,2019-05-03,9,1,130,,,,,,,1,0.05,6,"4, 5, 20, 21, 25, 26, 32, 33, 48, 49, 53, 54, 60, 61, 76, 77, 80",80,
73,2019-05-03,,9,7,,,,750,0.01,105,150,,140,1,6,25,19.8,11,600,-125,,,,2019-05-03,9,1,129,,,,,,,5,0.05,11,"7, 8, 12, 14, 19, 20, 35, 36, 40, 41, 47, 48, 63, 64, 68, 69, 75, 77, 80",80,
74,2019-05-03,,9,11,,,,750,0.01,105,150,,140,1,6,25,19.8,11,600,-125,,,,2019-05-03,9,1,130,,,,,,,13,0.05,1,,80,
75,2019-05-03,,9,12,,,,750,0.01,105,150,,140,1,6,25,19.8,11,600,-125,,,,2019-05-03,9,1,129,,,,,,,9,0.05,5,"5, 6, 10, 11, 17, 18, 33, 34, 38, 39, 45, 46, 61, 62, 66, 67",80,
76,2019-05-03,,9,13,,,,750,0.01,105,150,,140,1,6,25,19.8,11,600,-125,,,,2019-05-03,9,1,130,,,,,,,9,0.05,3,"10, 11, 15, 16, 22, 23, 38, 39, 43, 44, 50, 51, 66, 67",80,
77,2019-05-03,,9,14,,,,750,0.01,105,150,,140,1,6,25,19.8,11,600,-125,,,,2019-05-03,9,1,129,,,,,,,5,0.05,7,"15, 16, 20, 21, 27, 28, 43, 44, 48, 50, 55, 56, 71, 72, 76, 77, 79, 80",80,
78,2019-05-03,,10,1,,,,750,0.01,105,150,,,,,,,,,,,,Dark,,,,,,,,,,,,,,,,
79,2019-05-03,,10,3,,,,750,0.01,105,150,,140,1,6,25,19.8,11,600,-145,,,,2019-05-03,10,1,129,,,,,,,5,0.05,6,"5, 6, 21, 22, 26, 27, 33, 34, 49, 50, 54, 55, 61, 63, 77, 78, 80",80,
80,2019-05-03,,10,4,,,,750,0.01,105,150,,140,1,6,25,19.8,11,600,-145,,,,2019-05-03,10,1,130,,,,,,,5,0.05,4,"3, 5, 10, 11, 26, 27, 31, 32, 38, 39, 59, 61, 66, 67, 80",80,
81,2019-05-03,,10,5,,,,750,0.01,105,150,,140,1,6,25,19.8,11,600,-145,,,,2019-05-03,10,1,129,,,,,,,-3,0.05,4,"3, 8, 9, 15, 17, 31, 32, 36, 37, 43, 44, 59, 60, 64, 65, 71, 72, 80",80,
82,2019-05-03,,10,6,,,,750,0.01,105,150,,140,1,6,25,19.8,11,600,-145,,,,2019-05-03,10,1,130,,,,,,,1,0.05,8,"8, 9, 13, 14, 20, 21, 36, 37, 41, 42, 48, 49, 64, 65, 69, 70, 76, 77, 80",80,
83,2019-05-03,,10,7,,,,750,0.01,105,150,,140,1,6,25,19.8,11,600,-145,,,,2019-05-03,10,1,129,,,,,,,5,0.05,4,"13, 14, 18, 19, 25, 27, 46, 47, 53, 55, 69, 70, 74, 75, 80",80,
84,2019-05-03,,10,8,,,,750,0.01,105,150,,140,1,6,25,19.8,11,600,-145,,,,2019-05-03,10,1,130,,,,,,,5,0.05,9,"1, 3, 19, 20, 24, 26, 31, 33, 47, 48, 52, 53, 59, 60, 75, 76, 80",80,
85,2019-05-03,,10,9,,,,750,0.01,105,150,,140,1,6,25,19.8,11,600,-145,,,,2019-05-03,10,1,129,,,,,,,9,0.05,4,"7, 8, 23, 24, 28, 30, 35, 36, 51, 52, 56, 58, 63, 65",80,
86,2019-05-03,,10,10,,,,750,0.01,105,150,,140,1,6,25,19.8,11,600,-145,,,,2019-05-03,10,1,130,,,,,,,9,0.05,7,"5, 6, 12, 13, 28, 29, 33, 34, 40, 41, 56, 57, 61, 62, 68, 69",80,
87,2019-05-03,,10,11,,,,750,0.01,105,150,,140,1,6,25,19.8,11,600,-145,,,,2019-05-03,10,1,129,,,,,,,13,0.05,1,,80,
88,2019-05-03,,11,1,,,,750,0.01,105,150,,,,,,,,,,,,Dark,,,,,,,,,,,,,,,,
89,2019-05-03,,11,4,,,,750,0.01,105,150,,140,1,6,25,19.8,11,600,185,,,,2019-05-03,11,1,129,,,,,,,-3,0.05,8,"10, 11, 15, 16, 22, 23, 38, 39, 43, 45, 50, 51, 66, 67, 71, 72, 78, 79, 80",80,
90,2019-05-03,,11,5,,,,750,0.01,105,150,,140,1,6,25,19.8,11,600,185,,,,2019-05-03,11,1,130,,,,,,,1,0.05,7,"15, 16, 20, 21, 27, 28, 43, 44, 48, 49, 55, 57, 71, 72, 76, 78, 80",80,
91,2019-05-03,,11,6,,,,750,0.01,105,150,,140,1,6,25,19.8,11,600,185,,,,2019-05-03,11,1,129,,,,,,,1,0.05,7,"4, 5, 20, 21, 25, 27, 32, 34, 48, 49, 53, 54, 60, 62, 76, 77, 80",80,
92,2019-05-03,,11,7,,,,750,0.01,105,150,,140,1,6,25,19.8,11,600,185,,,,2019-05-03,11,1,130,,,,,,,5,0.05,2,"2, 4, 9, 10, 25, 26, 30, 31, 37, 38, 53, 54, 58, 59, 65, 66, 79, 80",80,
93,2019-05-03,,11,8,,,,750,0.01,105,150,,140,1,6,25,19.8,11,600,185,,,,2019-05-03,11,1,129,,,,,,,5,0.05,4,"3, 4, 8, 10, 15, 16, 31, 32, 36, 38, 39, 40, 43, 45, 64, 65, 71, 72, 80",80,
94,2019-05-03,,11,9,,,,750,0.01,105,150,,140,1,6,25,19.8,11,600,185,,,,2019-05-03,11,1,130,,,,,,,9,0.05,5,"8, 9, 13, 14, 20, 21, 36, 37, 41, 42, 48, 49, 64, 65, 69, 70",80,
95,2019-05-03,,11,10,,,,750,0.01,105,150,,140,1,6,25,19.8,11,600,185,,,,2019-05-03,11,1,129,,,,,,,9,0.05,3,"13, 14, 18, 19, 25, 27, 41, 42, 46, 47, 53, 54, 69, 70",80,
96,2019-05-03,,11,11,,,,750,0.01,105,150,,140,1,6,25,19.8,11,600,185,,,,2019-05-03,11,1,130,,,,,,,13,0.05,1,,80,
97,2019-05-03,,14,1,,,,750,0.01,105,150,,,,,,,,,,,,Dark,,,,,,,,,,,,,,,,
98,2019-05-03,,14,3,,,,750,0.01,105,150,,140,0.6,6,25,19.8,11,400,-105,,,,2019-05-03,14,1,129,,,,,,,-3,0.05,11,"32, 33, 35, 37, 39, 41, 45, 46, 48, 49, 51, 52, 56, 59, 60, 62, 65, 69, 70, 71, 72, 19, 21, 75, 76, 78, 79, 80",80,
99,2019-05-03,,14,4,,,,750,0.01,105,150,,140,0.6,6,25,19.8,11,400,-105,,,,2019-05-03,14,1,130,,,,,,,1,0.05,7,"3, 5, 6, 7, 8, 11, 12, 13, 14, 16, 18, 22, 23, 24, 26, 31, 32, 34, 38, 39, 42, 43, 44, 47, 49, 57, 59, 60, 62, 63, 65, 67, 7073, 74, 75, 76, 77, 80",80,
100,2019-05-03,,14,5,,,,750,0.01,105,150,,140,0.6,6,25,19.8,11,400,-105,,,,2019-05-03,14,1,129,,,,,,,5,0.05,8,"2, 6, 7, 8, 12, 13, 15, 16, 18, 20, 21, 23, 26, 27, 28, 29, 31, 32, 34, 36, 38, 39, 44, 45, 47, 48, 50, 52, 53, 55, 58, 59, 60, 61, 64, 66, 70, 71, 72, 75, 76, 77, 79, 80",80,
101,2019-05-03,,14,6,,,,750,0.01,105,150,,140,0.6,6,25,19.8,11,400,-105,,,,2019-05-03,14,1,130,,,,,,,9,0.05,14,"1, 2, 3, 4, 6, 9, 10, 11, 12, 15, 17, 21, 22, 24, 26, 27, 28, 30, 32, 33, 38, 41, 42, 43, 44, 47, 49, 53, 54, 55, 56, 59, 60, 62, 64, 66",80,
102,2019-05-03,,14,7,,,,750,0.01,105,150,,140,0.6,6,25,19.8,11,400,-105,,,,2019-05-03,14,1,129,,,,,,,13,0.05,1,,80,
103,2019-05-03,,15,1,,,,750,0.01,105,150,,,,,,,,,,,,Dark,,,,,,,,,,,,,,,,
104,2019-05-03,,15,6,,,,750,0.01,105,150,,140,0.6,6,25,19.8,11,400,-125,,,,2019-05-03,15,1,129,,,,,,,5,0.05,1,"5, 8, 9, 10, 12, 13, 15, 17, 19, 20, 21, 22, 23, 25, 26, 28, 29, 31, 32, 36, 39, 40, 41, 44, 46, 48, 50, 51, 52, 53, 56, 57, 59, 60, 62, 64, 65, 66, 67, 70, 71, 72, 73, 76, 78, 80",80,
105,2019-05-03,,15,7,,,,750,0.01,105,150,,140,0.6,6,25,19.8,11,400,-125,,,,2019-05-03,15,1,130,,,,,,,1,0.05,9,"4, 5, 6, 10, 11, 13, 14, 16, 18, 19, 20, 21, 24, 25, 26, 29, 31, 35, 36, 37, 38, 41, 42, 44, 46, 47, 48, 49, 50, 52, 54, 55, 57, 59, 63, 64, 65, 67, 69, 71, 72, 73, 75, 77, 78, 79, 80, 81",80,
106,2019-05-03,,15,8,,,,750,0.01,105,150,,140,0.6,6,25,19.8,11,400,-125,,,,2019-05-03,15,1,129,,,,,,,-3,0.05,7,"5, 11, 12, 17, 13, 14, 15, 18, 20, 21, 23, 24, 25, 26, 28, 31, 33, 36, 40, 41, 42, 44, 46, 48, 49, 50, 52, 53, 54, 55, 57, 60, 61, 62, 65, 67, 71, 72, 73, 74, 77, 78, 80",80,
107,2019-05-03,,15,9,,,,750,0.01,105,150,,140,0.6,6,25,19.8,11,400,-125,,,,2019-05-03,15,1,130,,,,,,,9,0.05,1,"4, 6, 7, 8, 9, 12, 13, 14, 16, 19, 22, 14, 15, 29, 30, 32, 34, 35, 37, 38, 39, 40, 43, 44, 45, 46, 49, 51, 54, 55, 56, 57, 58, 61, 62, 64, 65, 80",80,
108,2019-05-03,,15,10,,,,750,0.01,105,150,,140,0.6,6,25,19.8,11,400,-125,,,,2019-05-03,15,1,129,,,,,,,13,0.05,1,,80,
109,2019-05-03,,16,1,,,,750,0.01,105,150,,,,,,,,,,,,Dark,,,,,,,,,,,,,,,,
110,2019-05-03,,16,3,,,,750,0.01,105,150,,140,0.6,6,25,19.8,11,400,-185,,,,2019-05-03,16,1,129,,,,,,,-3,0.05,5,"14, 23, 25, 26, 31, 32, 33, 37, 38, 40, 41, 43, 45, 46, 47, 48, 51, 54, 56, 60, 61, 62, 63, 64, 66, 67, 69, 71, 72, 76, 77, 80",80,
111,2019-05-03,,16,4,,,,750,0.01,105,150,,140,0.6,6,25,19.8,11,400,-185,,,,2019-05-03,16,1,130,,,,,,,1,0.05,6,"5, 6, 7, 11, 12, 14, 15, 19, 20, 22, 25, 26, 27, 28, 31, 33, 37, 38, 39, 44, 46, 47, 49, 51, 52, 53, 54, 57, 58, 59, 62, 64, 68, 69, 70, 74, 75, 77, 78, 81",80,
112,2019-05-03,,16,5,,,,750,0.01,105,150,,140,0.6,6,25,19.8,11,400,-185,,,,2019-05-03,16,1,129,,,,,,,5,0.05,8,"2, 3, 4, 5, 8, 9, 10, 11, 15, 16, 20, 21, 22, 24, 26, 27, 29, 30, 32, 33, 34, 35, 37, 40, 41, 42, 43, 46, 48, 50, 52, 53, 58, 59, 61, 62, 66, 67, 77, 78, 79, 80",80,
113,2019-05-03,,16,6,,,,750,0.01,105,150,,140,0.6,6,25,19.8,11,400,-185,,,,2019-05-03,16,1,130,,,,,,,9,0.05,16,"2, 6, 7, 8, 9, 12, 13, 15, 16, 18, 19, 23, 26, 27, 30, 32, 34, 36, 37, 38, 42, 43, 45, 46, 52, 61, 65, 80",80,
114,2019-05-03,,16,7,,,,750,0.01,105,150,,140,0.6,6,25,19.8,11,400,-185,,,,2019-05-03,16,1,129,,,,,,,13,0.05,1,,80,
115,2019-05-03,,17,1,,,,750,0.01,105,150,,,,,,,,,,,,Dark,,,,,,,,,,,,,,,,
116,2019-05-03,,17,5,,,,750,0.01,105,150,,140,0.6,6,25,19.8,11,400,-95,,,,2019-05-03,17,1,129,,,,,,,1,0.05,9,"1, 3, 6, 7, 11, 12, 14, 16, 17, 18, 19, 20, 22, 25, 26, 27, 30, 32, 34, 35, 36, 37, 42, 45, 47, 48, 50, 51, 53, 58, 59, 61, 62, 64, 70, 72, 74, 75, 77, 79, 80",80,
117,2019-05-03,,17,6,,,,750,0.01,105,150,,140,0.6,6,25,19.8,11,400,-95,,,,2019-05-03,17,1,130,,,,,,,-3,0.05,6,"5, 9, 14, 16, 18, 23, 24, 25, 29, 31, 32, 34, 38, 39, 43, 44, 47, 49, 53, 54, 55, 56, 59, 60, 62, 63, 65, 66, 67, 68, 70, 73, 74, 75, 78, 80",80,
118,2019-05-03,,17,8,,,,750,0.01,105,150,,140,0.6,6,25,19.8,11,400,-95,,,,2019-05-03,17,1,129,,,,,,,5,0.05,2,"4, 5, 6, 10, 11, 16, 17, 21, 24, 25, 26, 39, 31, 33, 34, 36, 38, 41, 42, 45, 47, 49, 50, 52, 55, 56, 57, 58, 59, 62, 68, 69, 70, 74, 75, 77, 78, 80",80,
119,2019-05-03,,17,9,,,,750,0.01,105,150,,140,0.6,6,25,19.8,11,400,-95,,,,2019-05-03,17,1,130,,,,,,,9,0.05,4,"1, 3, 4, 5, 6, 9, 10, 11, 12, 15, 17, 20, 21, 22, 23, 25, 28, 29, 31, 33, 37, 38, 41, 42, 43, 46, 52, 53, 54, 55, 58, 59, 61, 62, 67, 69, 68, 71, 72, 77, 80",80,
120,2019-05-03,,17,10,,,,750,0.01,105,150,,140,0.6,6,25,19.8,11,400,-95,,,,2019-05-03,17,1,129,,,,,,,13,0.05,1,,80,
121,2019-05-03,,18,1,,,,750,0.01,105,150,,,,,,,,,,,,Dark,,,,,,,,,,,,,,,,
122,2019-05-03,,18,4,,,,750,0.01,105,150,,140,0.6,6,82,0,0.16,400,-105,,,,2019-05-03,18,1,129,,,,,,,-3,0.05,2,"40, 41, 43, 44, 45, 46, 48, 51, 52, 53, 54, 57, 59, 63, 64, 65, 66, 69, 70, 72, 73, 75, 77, 78, 80",80,
123,2019-05-03,,18,5,,,,750,0.01,105,150,,140,0.6,6,82,0,0.16,400,-105,,,,2019-05-03,18,1,130,,,,,,,1,0.05,5,"2, 6, 7, 8, 9, 12, 13, 15, 18, 18, 19, 23, 26, 27, 28, 29, 32, 34, 38, 39, 40, 41, 43, 44, 45, 47, 49, 50, 51, 52, 53, 55, 58, 59, 60, 63, 65, 69, 70, 71, 72, 74, 75, 76, 78",80,
124,2019-05-03,,18,6,,,,750,0.01,105,150,,140,0.6,6,82,0,0.16,400,-105,,,,2019-05-03,18,1,129,,,,,,,5,0.05,9,"2, 4, 5, 6, 7, 1, 11, 12, 13, 16, 18, 21, 22, 24, 28, 29, 31, 32, 34, 36, 37, 39, 42, 43, 4446, 49, 51, 53, 54, 55, 5659, 60, 62, 63, 65, 66, 67, 68, 70, 73, 74, 75, 76, 79, 80",80,
125,2019-05-03,,18,7,,,,750,0.01,105,150,,140,0.6,6,82,0,0.16,400,-105,,,,2019-05-03,18,1,130,,,,,,,9,0.05,10,"2, 6, 7, 8, 10, 12, 13, 15, 16, 18, 20, 21, 23, 26, 27, 28, 29, 30, 31, 34, 38, 39, 40, 41, 44, 45, 47, 48, 50, 51, 52, 53, 80",80,
126,2019-05-03,,18,8,,,,750,0.01,105,150,,140,0.6,6,82,0,0.16,400,-105,,,,2019-05-03,18,1,129,,,,,,,3,0.05,13,"3, 11, 12, 13, 16, 18, 20, 22, 23, 24, 28, 29, 31, 34, 35, 39, 42, 47, 48, 52, 53, 54, 55, 57, 58, 59, 61, 62, 64, 66, 67, 68, 69, 72, 73, 74, 75, 77, 80",80,
127,2019-05-03,,18,9,,,,750,0.01,105,150,,140,0.6,6,82,0,0.16,400,-105,,,,2019-05-03,18,1,130,,,,,,,13,0.05,1,,80,
128,2019-05-03,,9,5,,,,750,0.01,105,150,,140,1,6,25,19.8,11,600,-125,,,,2019-05-03,9,1,129,,,,,,,5,0.05,7,"2, 3, 9, 10, 25, 26, 30, 31, 37, 38, 53, 54, 58, 59, 65, 66, 80",80,
129,2019-05-13,,1,1,,,,750,0.01,,150,,,,,,,,,,,,Calib,2019-05-13,3,1,2.02E-05,,,,,,,,,,,,
130,2019-05-13,,1,2,,,,750,0.01,,150,,,,,,,,,,,,Calib,2019-05-13,3,2,2.02E-05,,,,,,,,,,,,
131,2019-05-13,,3,1,,,,750,0.01,,150,,,,,,,,,,,,Dark,,,,,,,,,,,,,,,,
132,2019-05-13,,3,2,,,,750,0.01,,150,,,,,,,,,,,,Dark,,,,,,,,,,,,,,,,
133,2019-05-13,,2,1,,,,780,5,,150,,,,,,,,,,,,Calib,2019-05-13,2,39,2.02E-05,,,,,,,,,,,,
134,2019-05-13,,2,39,,,,780,5,,150,,,,,,,,,,,,Dark,,,,,,,,,,,,,,,,
135,2019-05-13,,2,3,,,,780,10,,150,,,,,,,,,,,,Calib,2019-05-13,2,40,2.02E-05,,,,,,,,,,,,
136,2019-05-13,,2,40,,,,780,10,,150,,,,,,,,,,,,Dark,,,,,,,,,,,,,,,,
137,2019-05-13,,2,5,,,,780,20,,150,,,,,,,,,,,,Calib,2019-05-13,2,41,2.02E-05,,,,,,,,,,,,
138,2019-05-13,,2,41,,,,780,20,,150,,,,,,,,,,,,Dark,,,,,,,,,,,,,,,,
139,2019-05-13,,2,7,,,,780,50,,150,,,,,,,,,,,,Calib,2019-05-13,2,42,2.02E-05,,,,,,,,,,,,
140,2019-05-13,,2,42,,,,780,50,,150,,,,,,,,,,,,Dark,,,,,,,,,,,,,,,,
141,2019-05-13,,2,9,,,,780,100,,150,,,,,,,,,,,,Calib,2019-05-13,2,43,2.02E-05,,,,,,,,,,,,
142,2019-05-13,,2,43,,,,780,100,,150,,,,,,,,,,,,Dark,,,,,,,,,,,,,,,,
143,2019-05-13,,2,11,,,,780,200,,150,,,,,,,,,,,,Calib,2019-05-13,2,44,2.02E-05,,,,,,,,,,,,
144,2019-05-13,,2,44,,,,780,200,,150,,,,,,,,,,,,Dark,,,,,,,,,,,,,,,,
145,2019-05-13,,2,13,,,,780,500,,150,,,,,,,,,,,,Calib,2019-05-13,2,45,2.02E-05,,,,,,,,,,,,
146,2019-05-13,,2,45,,,,780,500,,150,,,,,,,,,,,,Dark,,,,,,,,,,,,,,,,
147,2019-05-27,,1,1,,,,750,0.01,,150,,,,,,,,,,,,Calib,2019-05-27,1,51,2.002E-05,,,,,,,,,,,,
148,2019-05-27,,1,51,,,,750,0.01,,150,,,,,,,,,,,,Dark,,,,,,,,,,,,,,,,
149,2019-06-11,,1,26,,,,750,0.01,,150,,,,,,,,,,,,Calib,2019-06-11,1,18,1.99E-05,,,,,,,,,,,,
150,2019-06-11,,1,27,,,,750,0.01,,150,,,,,,,,,,,,Calib,2019-06-11,1,18,1.99E-05,,,,,,,,,,,,
151,2019-06-11,,1,28,,,,750,0.01,,150,,,,,,,,,,,,Calib,2019-06-11,1,18,1.99E-05,,,,,,,,,,,,
152,2019-06-11,,1,18,,,,750,0.01,,150,,,,,,,,,,,,Dark,,,,,,,,,,,,,,,,
153,2019-06-11,,1,36,,,,750,0.01,,150,,,,,,,,,,,,Calib,2019-06-11,1,51,1.99E-05,,,,,,,,,,,,
154,2019-06-11,,1,37,,,,750,0.01,,150,,,,,,,,,,,,Calib,2019-06-11,1,51,1.99E-05,,,,,,,,,,,,
155,2019-06-11,,1,38,,,,750,0.01,,150,,,,,,,,,,,,Calib,2019-06-11,1,51,1.99E-05,,,,,,,,,,,,
156,2019-06-11,,1,51,,,,750,0.01,,150,,,,,,,,,,,,Dark,,,,,,,,,,,,,,,,
157,2019-05-03,,9,6,,,,750,0.01,105,150,,140,1,6,25,19.8,11,600,-125,,,,2019-05-03,9,1,129,,,,,,,5,0.05,1,"2, 3, 7, 8, 14, 15, 30, 31, 35, 36, 42, 43, 58, 59, 63, 64, 70, 71, 80",80,
158,2019-05-23,,3,1,,,,750,0.01,100,150,,,,,,,,,,,,Dark,,,,,,,,,,,,,,,,
159,2019-05-23,,3,5,,,,750,0.01,100,150,,140,,6,,19.8,,600,-118,,,,2019-05-23,3,1,,,,,,,,7,0.05,40,"13, 14, 20, 21, 36, 37, 41, 42, 48, 49, 64, 65, 69, 70, 76, 77, 92, 93, 97, 98, 104, 105, 120, 121, 125, 127, 132, 133, 148, 149, 153, 154, 160, 161, 176, 177, 181, 183, 188, 189, 204, 205, 209, 211, 216, 217, 232, 233, 237, 238, 240",240,2019-05-23 15h 45m 06s TT_06694217961045816090
160,2019-05-23,,3,6,,,,750,0.01,100,150,,140,,6,,19.8,,600,-118,,,,2019-05-23,3,1,,,,,,,,1,0.05,20," 5, 6, 21, 22, 26, 27, 33, 35, 49, 50, 54, 55, 61, 62, 77, 78, 82, 83, 89, 90, 105, 106, 110, 111, 117, 118, 133, 134, 138, 140, 145, 146, 161, 162, 166, 167, 173, 174, 189, 190, 194, 195, 201, 202, 222, 223, 229, 230, 240",240,2019-05-23 15h 48m 26s TT_06694218818756409913
161,2019-05-23,,3,7,,,,750,0.01,100,150,,140,,6,,19.8,,600,-118,,,,2019-05-23,3,1,,,,,,,,0,0.05,16," 6, 7, 11, 13, 18, 19, 34, 35, 39, 40, 46, 47, 62, 63, 67, 68, 74, 75, 90, 91, 95, 96, 102, 103, 118, 119, 123, 124, 130, 131, 151, 152, 158, 159, 174, 175, 179, 180, 186, 187, 202, 203, 207, 208, 214, 216, 230, 231, 235, 236, 240",240,2019-05-23 15h 49m 25s TT_06694219074480433244
162,2019-05-23,,3,8,,,,750,0.01,100,150,,140,,6,,19.8,,600,-118,,,,2019-05-23,3,1,,,,,,,,-3,0.05,21," 3, 4, 19, 20, 24, 25, 31, 32, 47, 48, 52, 54, 59, 60, 75, 76, 80, 81, 87, 88, 103, 104, 108, 109, 115, 116, 131, 132, 136, 137, 143, 144, 159, 160, 164, 165, 171, 172, 187, 188, 192, 194, 199, 201, 215, 216, 220, 221, 227, 229, 240",240,2019-05-23 15h 54m 30s TT_06694220385742565940
163,2019-05-23,,3,9,,,,750,0.01,100,150,,140,,6,,19.8,,600,-118,,,,2019-05-23,3,1,,,,,,,,-3,0.05,17," 4, 5, 9, 10, 16, 17, 32, 33, 37, 39, 44, 45, 60, 61, 65, 66, 72, 74, 88, 89, 93, 95, 100, 101, 116, 117, 121, 122, 128, 130, 144, 145, 149, 150, 156, 158, 172, 173, 177, 178, 184, 185, 200, 201, 205, 207, 212, 213, 233, 234, 240, 241, 256, 257, 261, 263, 268, 269, 284, 285, 289, 290, 296, 297, 300",300,2019-05-23 15h 59m 00s TT_06694221522670777100
164,2019-05-23,,3,10,,,,750,0.01,100,150,,140,,6,,19.8,,350,-118,,,,2019-05-23,3,1,,,,,,,,-3,0.05,16," 7, 8, 10, 12, 13, 16, 18, 21, 22, 23, 24, 26, 29, 31, 33, 34, 39, 40, 42, 43, 45, 47, 48, 50, 53, 54, 55, 56, 59, 60, 61, 64, 65, 67, 71, 72, 74, 76, 77, 82, 85, 86, 87, 90, 92, 96, 97, 98, 99, 102, 103, 105, 107, 108, 113, 116, 117, 118, 119, 122, 124, 127, 128, 129, 130, 134, 135, 137, 138, 140, 142, 143, 145, 148, 149, 150, 151, 153, 154, 156, 158, 160, 161, 162, 166, 167, 169, 170, 172, 174, 175, 176, 177, 180, 181, 182, 183, 186, 188, 190, 192, 193, 194, 198, 199, 201, 203, 204, 206, 207, 209, 212, 213, 214, 215, 217, 218, 220, 222, 224, 225, 226, 233, 235, 236, 238, 239, 240, 241, 244, 245, 246, 247, 250, 252, 256, 257, 258, 260, 262, 263, 265, 266, 268, 270, 271, 272, 273, 276, 277, 278, 281, 283, 287, 288, 289, 292, 293, 294, 296, 297, 299, 300",300,2019-05-23 16h 10m 09s TT_06694224396666949101
165,2019-05-23,,3,11,,,,750,0.01,100,150,,140,,6,,19.8,,360,-118,,,,2019-05-23,3,1,,,,,,,,-3,0.05,15," 5, 8, 9, 10, 12, 15, 17, 20, 21, 25, 26, 28, 29, 31, 33, 36, 39, 40, 42, 45, 47, 55, 56, 61, 65, 66, 70, 73, 75, 77, 78, 83, 84, 89, 92, 94, 97, 98, 100, 103, 109, 113, 114, 119, 120, 124, 127, 128, 131, 133, 136, 137, 138, 143, 144, 149, 150, 154, 158, 161, 163, 165, 167, 171, 172, 174, 175, 177, 178, 182, 185, 186, 188, 191, 193, 195, 196, 204, 205, 207, 210, 212, 215, 216, 218, 221, 225, 226, 227, 237, 240, 242, 245, 246, 248, 251, 253, 255, 256, 261, 262, 264, 265, 267, 268, 272, 275, 277, 280, 282, 284, 286, 290, 291, 293, 294, 296",300,2019-05-23 16h 41m 36s TT_06694232501409168726
166,2019-05-23,,3,12,,,,750,0.01,100,150,,140,,6,,19.8,,370,-118,,,,2019-05-23,3,1,,,,,,,,-3,0.05,-73," 2, 5, 6, 7, 9, 12, 14, 16, 17, 22, 23, 25, 26, 28, 29, 33, 36, 37, 38, 41, 43, 45, 47, 48, 49, 53, 54, 59, 60, 64, 67, 68, 69, 71, 74, 78, 79, 80, 81, 84, 85, 87, 88, 90, 91, 95, 98, 99, 100, 103, 105, 109, 110, 111, 115, 116, 118, 119, 121, 122, 126, 129, 130, 131, 135, 137, 139, 140, 145, 146, 151, 152, 156, 159, 160, 162, 165, 169, 170, 171, 175, 176, 178, 179, 181, 182, 186, 189, 190, 191, 193, 196, 198, 206, 207, 209, 210, 212, 216, 217, 220, 221, 223, 226, 230, 231, 232, 236, 237, 242, 243, 247, 250, 251, 252, 254, 257, 259, 261, 263, 270, 271, 273, 276, 278, 281, 282, 285, 287, 290, 291, 293, 297, 298, 300",300,2019-05-23 16h 46m 40s TT_06694233807087777227
167,2019-05-23,,4,1,,,,750,0.01,100,150,,,,,,,,,,,,Dark,,,,,,,,,,,,,,,,
168,2019-05-23,,4,3,,,,750,0.01,100,150,,140,,6,,19.8,,370,-118,,,,2019-05-23,4,1,,,,,,,,-3,0.05,13,,300,2019-05-23 16h 59m 49s TT_06694237191973734412
169,2019-05-23,,4,4,,,,750,0.01,100,150,,140,,6,,19.8,,370,-138,,,,2019-05-23,4,1,,,,,,,,-3,0.05,12," 3, 4, 9, 10, 14, 17, 19, 22, 24, 38, 39, 43, 45, 46, 48, 50, 51, 66, 67, 71, 74, 77, 79, 80, 95, 96, 100, 103, 105, 108, 109, 118, 119, 124, 125, 129, 132, 134, 137, 139, 153, 154, 158, 161, 163, 166, 167, 170, 171, 176, 177, 182, 183, 187, 190, 192, 195, 198, 205, 206, 211, 212, 216, 219, 221, 224, 225, 240, 242, 245, 248, 250, 253, 258, 263, 264, 269, 270, 274, 278, 281, 283, 297, 298, 300",300,2019-05-23 16h 59m 49s TT_06694237191973734412
170,2019-05-23,,4,5,,,,750,0.01,100,150,,140,,6,,19.8,,370,-198,,,,2019-05-23,4,1,,,,,,,,-3,0.05,16," 3, 6, 9, 11, 13, 27, 28, 32, 35, 38, 40, 41, 44, 45, 56, 57, 61, 64, 66, 69, 70, 79, 80, 85, 87, 90, 93, 96, 98, 100, 108, 109, 114, 117, 119, 122, 124, 127, 128, 137, 138, 143, 145, 148, 151, 154, 156, 159, 166, 167, 172, 173, 177, 180, 182, 185, 187, 201, 202, 206, 209, 211, 214, 216, 230, 231, 235, 238, 241, 243, 245, 259, 260, 264, 267, 268, 272, 274, 276, 278, 282, 283, 289, 290, 294, 297, 299",300,2019-05-23 17h 00m 59s TT_06694237492022100770
171,2019-05-23,,4,6,,,,750,0.01,100,150,,140,,6,,19.8,,370,-108,,,,2019-05-23,4,1,,,,,,,,-3,0.05,17," 2, 4, 12, 13, 18, 19, 23, 25, 26, 27, 30, 33, 46, 48, 51, 53, 54, 55, 58, 60, 68, 69, 74, 76, 79, 82, 84, 87, 89, 103, 106, 108, 111, 112, 114, 117, 119, 130, 131, 133, 134, 138, 141, 143, 146, 148, 162, 163, 167, 170, 173, 175, 177, 191, 192, 196, 199, 202, 204, 206, 208, 209, 217, 218, 220, 221, 225, 228, 230, 233, 235, 246, 247, 249, 251, 254, 256, 257, 258, 261, 263, 277, 278, 282, 284, 285, 286, 289, 291, 299",300,2019-05-23 17h 02m 30s TT_06694237884885333105
172,2019-05-23,,4,7,,,,750,0.01,100,150,,140,,6,,19.8,,370,-103,,,,2019-05-23,4,1,,,,,,,,-3,0.05,21," 6, 7, 11, 14, 16, 19, 21, 29, 30, 40, 43, 45, 48, 49, 58, 59, 64, 65, 69, 72, 74, 77, 80, 87, 88, 93, 94, 98, 101, 103, 106, 108, 122, 123, 127, 130, 132, 135, 136, 151, 152, 156, 159, 161, 164, 166, 174, 175, 180, 181, 185, 188, 190, 193, 195, 203, 204, 209, 210, 214, 217, 219, 222, 224, 238, 239, 243, 246, 247, 251, 253, 261, 262, 264, 265, 267, 268, 272, 274, 275, 276, 279, 281, 295, 296, 300",300,2019-05-23 17h 06m 41s TT_06694238964990797091
173,2019-05-23,,4,8,,,,750,0.01,100,150,,140,,6,,19.8,,370,-103,,,,2019-05-23,4,1,,,,,,,,-3,0.05,20," 1, 4, 6, 9, 11, 25, 26, 30, 33, 36, 38, 40, 48, 49, 54, 57, 59, 62, 64, 67, 69, 77, 78, 83, 86, 88, 91, 93, 96, 98, 112, 115, 117, 120, 122, 125, 127, 135, 136, 141, 142, 146, 149, 151, 154, 156, 164, 165, 170, 171, 175, 178, 180, 183, 185, 193, 194, 199, 200, 204, 207, 209, 212, 213, 228, 229, 233, 237, 240, 242, 256, 257, 261, 264, 267, 269, 271, 285, 286, 290, 293, 296, 298, 300",300,2019-05-23 17h 08m 20s TT_06694239389636999648
174,2019-05-23,,4,10,,,,750,0.01,100,150,,140,,6,,19.8,,370,-138,,,,2019-05-23,4,1,,,,,,,,-3,0.05,10," 6, 9, 11, 14, 17, 19, 22, 29, 30, 35, 36, 40, 43, 44, 48, 49, 64, 65, 69, 72, 74, 77, 79, 93, 94, 98, 101, 103, 106, 108, 122, 123, 127, 129, 130, 131, 134, 137, 150, 151, 155, 158, 160, 163, 165, 173, 174, 179, 180, 184, 186, 187, 188, 191, 193, 201, 202, 207, 208, 212, 215, 217, 220, 222, 230, 231, 236, 237, 241, 244, 247, 249, 251, 265, 266, 270, 273, 274, 278, 280, 288, 289, 294, 297, 299, 300",300,2019-05-23 17h 11m 08s TT_06694240108017942237
175,2019-05-23,,5,1,,,,750,0.01,100,150,,140,,6,,15,,370,-118,,,,2019-05-23,4,1,,,,,,,,-3,0.05,12," 1, 3, 4, 5, 8, 10, 18, 19, 24, 25, 29, 33, 36, 38, 52, 53, 57, 60, 63, 65, 67, 81, 82, 86, 89, 91, 94, 96, 110, 113, 115, 118, 121, 123, 126, 127, 128, 133, 134, 139, 141, 144, 146, 147, 148, 151, 153, 167, 169, 172, 176, 179, 180, 195, 196, 200, 203, 204, 208, 209, 224, 226, 229, 232, 233, 237, 238, 253, 255, 258, 261, 264, 266, 268, 279, 280, 282, 285, 287, 290, 291, 292, 296, 298, 300",300,2019-05-23 17h 13m 29s TT_06694240715845687503
176,2019-05-23,,5,2,,,,750,0.01,100,150,,140,,6,,10,,370,-118,,,,2019-05-23,4,1,,,,,,,,-3,0.05,16," 7, 8, 13, 14, 18, 21, 22, 26, 28, 39, 40, 42, 43, 47, 51, 54, 56, 70, 73, 75, 77, 78, 79, 82, 84, 98, 99, 103, 106, 108, 111, 112, 127, 128, 132, 135, 137, 140, 143, 156, 157, 161, 164, 166, 169, 171, 179, 180, 185, 186, 190, 194, 197, 202, 213, 214, 218, 221, 223, 226, 230, 242, 243, 247, 250, 253, 255, 257, 271, 272, 276, 279, 280, 281, 285, 287, 295, 296, 300",300,2019-05-23 17h 17m 38s TT_06694241784225818045
177,2019-05-23,,5,3,,,,750,0.01,100,150,,140,,6,,0,,370,-118,,,,2019-05-23,4,1,,,,,,,,-3,0.05,12," 2, 5, 7, 10, 11, 15, 18, 25, 26, 31, 32, 36, 39, 41, 44, 46, 54, 55, 60, 61, 65, 68, 69, 71, 74, 75, 90, 91, 95, 97, 98, 99, 102, 104, 118, 119, 123, 126, 129, 131, 133, 147, 149, 152, 155, 157, 160, 163, 176, 177, 181, 184, 186, 189, 191, 205, 206, 210, 213, 215, 218, 220, 234, 235, 239, 242, 245, 247, 249, 263, 264, 268, 271, 273, 276, 278, 286, 287, 292, 293, 297",300,2019-05-23 17h 19m 59s TT_06694242389304753504
178,2019-05-23,,5,4,,,,750,0.01,100,150,,140,,6,85,0,,370,-118,,,,2019-05-23,4,1,,,,,,,,-3,0.05,12," 5, 8, 18, 19, 21, 24, 26, 29, 31, 34, 36, 38, 39, 50, 51, 55, 58, 60, 63, 66, 79, 80, 84, 87, 89, 92, 94, 108, 109, 113, 116, 119, 121, 122, 125, 127, 134, 135, 137, 138, 142, 145, 148, 150, 152, 160, 161, 166, 167, 171, 174, 176, 179, 182, 189, 190, 195, 196, 200, 203, 204, 208, 210, 224, 225, 229, 232, 234, 237, 239, 247, 248, 253, 254, 258, 261, 263, 266, 268, 282, 283, 287, 290, 292, 295, 297, 300",300,2019-05-23 17h 22m 36s TT_06694243064606887664
179,2019-05-23,,5,5,,,,750,0.01,100,150,,140,,6,85,0,,370,-118,,,,2019-05-23,4,1,,,,,,,,-3,0.05,17,"12, 15, 17, 19, 20, 21, 24, 25, 34, 35, 40, 41, 45, 47, 48, 49, 52, 54, 62, 63, 68, 69, 73, 76, 78, 81, 83, 91, 92, 94, 95, 97, 98, 102, 105, 107, 110, 111, 126, 127, 131, 134, 136, 139, 140, 155, 156, 160, 162, 163, 164, 167, 168, 183, 184, 188, 191, 192, 194, 197, 199, 207, 208, 213, 214, 218, 221, 222, 226, 228, 236, 237, 242, 243, 247, 250, 253, 255, 257, 271, 272, 276, 279, 282, 284, 286, 294, 295, 300",300,2019-05-23 17h 26m 58s TT_06694244191355984775
180,2019-05-23,,5,6,,,,750,0.01,100,150,,140,,6,85,0,,370,-118,,,,2019-05-23,4,1,,,,,,,,-3,0.05,15," 1, 2, 6, 9, 11, 14, 16, 30, 32, 35, 38, 41, 43, 45, 53, 54, 59, 60, 64, 67, 69, 72, 74, 88, 89, 93, 96, 98, 101, 103, 111, 112, 117, 118, 122, 125, 128, 130, 132, 140, 141, 143, 144, 146, 147, 151, 154, 157, 159, 161, 163, 164, 175, 176, 180, 183, 185, 188, 190, 198, 199, 204, 205, 209, 212, 213, 217, 219, 233, 235, 238, 240, 245, 247, 261, 263, 266, 269, 272, 274, 275, 290, 291, 295, 298",300,2019-05-23 17h 29m 01s TT_06694244717321127611
181,2019-05-03,,11,4,,,,750,0.01,105,150,,140,1,6,25,19.8,11,600,185,,,,2019-05-03,11,1,129,,,,,,,-3,0.05,8,"10, 11, 15, 16, 22, 23, 38, 39, 43, 45, 50, 51, 66, 67, 71, 72, 78, 79, 80",80,
182,2019-05-03,,11,5,,,,750,0.01,105,150,,140,1,6,25,19.8,11,600,185,,,,2019-05-03,11,1,130,,,,,,,1,0.05,7,"15, 16, 20, 21, 27, 28, 43, 44, 48, 49, 55, 57, 71, 72, 76, 78, 80",80,
183,2019-05-03,,11,8,,,,750,0.01,105,150,,140,1,6,25,19.8,11,600,185,,,,2019-05-03,11,1,129,,,,,,,5,0.05,4,"3, 4, 8, 10, 15, 16, 31, 32, 36, 38, 39, 40, 43, 45, 64, 65, 71, 72, 80",80,
184,2019-05-03,,11,9,,,,750,0.01,105,150,,140,1,6,25,19.8,11,600,185,,,,2019-05-03,11,1,130,,,,,,,9,0.05,5,"8, 9, 13, 14, 20, 21, 36, 37, 41, 42, 48, 49, 64, 65, 69, 70",80,
185,2019-05-03,,11,11,,,,750,0.01,105,150,,140,1,6,25,19.8,11,600,185,,,,2019-05-03,11,1,130,,,,,,,13,0.05,1,,80,
186,2019-05-23,,3,13,,,,750,0.01,100,150,,140,,6,,19.8,,370,-118,,,,2019-05-23,3,1,,,,,,,,-3,0.05,10,"4, 5, 9, 12, 14, 17, 20, 27, 28, 30, 31, 33, 34, 38, 42, 45, 47, 61, 62, 66, 68, 69, 70, 73, 76, 89, 90, 94, 97, 99, 102, 104, 118, 119, 123, 126, 128, 131, 132, 135, 136, 147, 148, 152, 155, 156, 160, 163, 176, 177, 181, 184, 187, 189, 191, 205, 206, 210, 213, 215, 218, 220, 228, 229, 231, 232, 234, 235, 239, 242, 245, 247, 248, 257, 258, 263, 265, 268, 271, 274, 276, 278, 292, 293, 297, 300",300,2019-05-23 16h 52m 18s TT_06694235254930757645
187,2019-06-11,,1,17,,,,750,200,,,,,,,,,,,,,,Calib,2019-06-11,1,18,,,,,,,,,,,,,
188,2019-06-11,,1,53,,,,750,200,,,,,,,,,,,,,,Calib,2019-06-11,1,18,,,,,,,,,,,,,
189,2019-06-11,,1,54,,,,750,200,,,,,,,,,,,,,,Calib,2019-06-11,1,18,,,,,,,,,,,,,
190,2019-06-11,,1,29,,,,750,0.01,,150,,,,,,,,,,,,Calib,2019-06-11,1,46,1.99E-05,,,,,,,,,,,,
191,2019-06-11,,1,30,,,,750,0.01,,150,,,,,,,,,,,,Calib,2019-06-11,1,46,1.99E-05,,,,,,,,,,,,
192,2019-06-11,,1,31,,,,750,0.01,,150,,,,,,,,,,,,Calib,2019-06-11,1,46,1.99E-05,,,,,,,,,,,,
193,2019-06-11,,1,46,,,,750,0.01,,150,,,,,,,,,,,,Dark,,,,,,,,,,,,,,,,
194,2019-05-13,,1,3,,,,750,0.1,,150,,,,,,,,,,,,Calib,2019-05-13,3,3,2.02E-05,,,,,,,,,,,,
195,2019-05-13,,1,4,,,,750,0.1,,150,,,,,,,,,,,,Calib,2019-05-13,3,4,2.02E-05,,,,,,,,,,,,
196,2019-05-13,,1,5,,,,750,1,,150,,,,,,,,,,,,Calib,2019-05-13,3,5,2.02E-05,,,,,,,,,,,,
197,2019-05-13,,1,6,,,,750,1,,150,,,,,,,,,,,,Calib,2019-05-13,3,6,2.02E-05,,,,,,,,,,,,
198,2019-05-13,,1,7,,,,750,10,,150,,,,,,,,,,,,Calib,2019-05-13,3,7,2.02E-05,,,,,,,,,,,,
199,2019-05-13,,1,8,,,,750,10,,150,,,,,,,,,,,,Calib,2019-05-13,3,8,2.02E-05,,,,,,,,,,,,
200,2019-05-13,,3,3,,,,750,0.1,,150,,,,,,,,,,,,Dark,,,,,,,,,,,,,,,,
201,2019-05-13,,3,4,,,,750,0.1,,150,,,,,,,,,,,,Dark,,,,,,,,,,,,,,,,
202,2019-05-13,,3,5,,,,750,1,,150,,,,,,,,,,,,Dark,,,,,,,,,,,,,,,,
203,2019-05-13,,3,6,,,,750,1,,150,,,,,,,,,,,,Dark,,,,,,,,,,,,,,,,
204,2019-05-13,,3,7,,,,750,10,,150,,,,,,,,,,,,Dark,,,,,,,,,,,,,,,,
205,2019-05-13,,3,8,,,,750,10,,150,,,,,,,,,,,,Dark,,,,,,,,,,,,,,,,
206,2019-05-23,,4,6,,,,750,0.01,100,150,,140,,6,,19.8,,370,-108,,,,2019-05-23,4,1,,,,,,,FAKE!!,-3,0.05,14," 2, 4, 12, 13, 18, 19, 23, 25, 26, 27, 30, 33, 46, 48, 51, 53, 54, 55, 58, 60, 68, 69, 74, 76, 79, 82, 84, 87, 89, 103, 106, 108, 111, 112, 114, 117, 119, 130, 131, 133, 134, 138, 141, 143, 146, 148, 162, 163, 167, 170, 173, 175, 177, 191, 192, 196, 199, 202, 204, 206, 208, 209, 217, 218, 220, 221, 225, 228, 230, 233, 235, 246, 247, 249, 251, 254, 256, 257, 258, 261, 263, 277, 278, 282, 284, 285, 286, 289, 291, 299",300,2019-05-23 17h 02m 30s TT_06694237884885333105
207,2019-05-23,,4,6,,,,750,0.01,100,150,,140,,6,,19.8,,370,-108,,,,2019-05-23,4,1,,,,,,,FAKE!!,-3,0.05,15," 2, 4, 12, 13, 18, 19, 23, 25, 26, 27, 30, 33, 46, 48, 51, 53, 54, 55, 58, 60, 68, 69, 74, 76, 79, 82, 84, 87, 89, 103, 106, 108, 111, 112, 114, 117, 119, 130, 131, 133, 134, 138, 141, 143, 146, 148, 162, 163, 167, 170, 173, 175, 177, 191, 192, 196, 199, 202, 204, 206, 208, 209, 217, 218, 220, 221, 225, 228, 230, 233, 235, 246, 247, 249, 251, 254, 256, 257, 258, 261, 263, 277, 278, 282, 284, 285, 286, 289, 291, 299",300,2019-05-23 17h 02m 30s TT_06694237884885333105
208,2019-05-23,,4,6,,,,750,0.01,100,150,,140,,6,,19.8,,370,-108,,,,2019-05-23,4,1,,,,,,,FAKE!!,-3,0.05,16," 2, 4, 12, 13, 18, 19, 23, 25, 26, 27, 30, 33, 46, 48, 51, 53, 54, 55, 58, 60, 68, 69, 74, 76, 79, 82, 84, 87, 89, 103, 106, 108, 111, 112, 114, 117, 119, 130, 131, 133, 134, 138, 141, 143, 146, 148, 162, 163, 167, 170, 173, 175, 177, 191, 192, 196, 199, 202, 204, 206, 208, 209, 217, 218, 220, 221, 225, 228, 230, 233, 235, 246, 247, 249, 251, 254, 256, 257, 258, 261, 263, 277, 278, 282, 284, 285, 286, 289, 291, 299",300,2019-05-23 17h 02m 30s TT_06694237884885333105
209,2019-05-23,,4,6,,,,750,0.01,100,150,,140,,6,,19.8,,370,-108,,,,2019-05-23,4,1,,,,,,,FAKE!!,-3,0.05,17," 2, 4, 12, 13, 18, 19, 23, 25, 26, 27, 30, 33, 46, 48, 51, 53, 54, 55, 58, 60, 68, 69, 74, 76, 79, 82, 84, 87, 89, 103, 106, 108, 111, 112, 114, 117, 119, 130, 131, 133, 134, 138, 141, 143, 146, 148, 162, 163, 167, 170, 173, 175, 177, 191, 192, 196, 199, 202, 204, 206, 208, 209, 217, 218, 220, 221, 225, 228, 230, 233, 235, 246, 247, 249, 251, 254, 256, 257, 258, 261, 263, 277, 278, 282, 284, 285, 286, 289, 291, 299",300,2019-05-23 17h 02m 30s TT_06694237884885333105
210,2019-05-23,,4,6,,,,750,0.01,100,150,,140,,6,,19.8,,370,-108,,,,2019-05-23,4,1,,,,,,,FAKE!!,-3,0.05,18," 2, 4, 12, 13, 18, 19, 23, 25, 26, 27, 30, 33, 46, 48, 51, 53, 54, 55, 58, 60, 68, 69, 74, 76, 79, 82, 84, 87, 89, 103, 106, 108, 111, 112, 114, 117, 119, 130, 131, 133, 134, 138, 141, 143, 146, 148, 162, 163, 167, 170, 173, 175, 177, 191, 192, 196, 199, 202, 204, 206, 208, 209, 217, 218, 220, 221, 225, 228, 230, 233, 235, 246, 247, 249, 251, 254, 256, 257, 258, 261, 263, 277, 278, 282, 284, 285, 286, 289, 291, 299",300,2019-05-23 17h 02m 30s TT_06694237884885333105
211,2019-05-23,,4,6,,,,750,0.01,100,150,,140,,6,,19.8,,370,-108,,,,2019-05-23,4,1,,,,,,,FAKE!!,-3,0.05,19," 2, 4, 12, 13, 18, 19, 23, 25, 26, 27, 30, 33, 46, 48, 51, 53, 54, 55, 58, 60, 68, 69, 74, 76, 79, 82, 84, 87, 89, 103, 106, 108, 111, 112, 114, 117, 119, 130, 131, 133, 134, 138, 141, 143, 146, 148, 162, 163, 167, 170, 173, 175, 177, 191, 192, 196, 199, 202, 204, 206, 208, 209, 217, 218, 220, 221, 225, 228, 230, 233, 235, 246, 247, 249, 251, 254, 256, 257, 258, 261, 263, 277, 278, 282, 284, 285, 286, 289, 291, 299",300,2019-05-23 17h 02m 30s TT_06694237884885333105
212,2019-05-23,,4,6,,,,750,0.01,100,150,,140,,6,,19.8,,370,-108,,,,2019-05-23,4,1,,,,,,,FAKE!!,-3,0.05,20," 2, 4, 12, 13, 18, 19, 23, 25, 26, 27, 30, 33, 46, 48, 51, 53, 54, 55, 58, 60, 68, 69, 74, 76, 79, 82, 84, 87, 89, 103, 106, 108, 111, 112, 114, 117, 119, 130, 131, 133, 134, 138, 141, 143, 146, 148, 162, 163, 167, 170, 173, 175, 177, 191, 192, 196, 199, 202, 204, 206, 208, 209, 217, 218, 220, 221, 225, 228, 230, 233, 235, 246, 247, 249, 251, 254, 256, 257, 258, 261, 263, 277, 278, 282, 284, 285, 286, 289, 291, 299",300,2019-05-23 17h 02m 30s TT_06694237884885333105
